{
    "resolution": "1000m",
    "total_cells_N": 770,
    "total_pairs_compared": 296065,
    "exact_mean": 0.7797968983650208,
    "exact_std_dev": 0.18917621672153473,
    "approx_median": 0.8500000000000001
}